{
	"sources" : 
	[
		{
			"file" : "/home/asc/CXP/code/newgwas/CMakeFiles/libzstd"
		},
		{
			"file" : "/home/asc/CXP/code/newgwas/CMakeFiles/libzstd.rule"
		},
		{
			"file" : "/home/asc/CXP/code/newgwas/CMakeFiles/libzstd-complete.rule"
		},
		{
			"file" : "/home/asc/CXP/code/newgwas/libzstd-prefix/src/libzstd-stamp/libzstd-install.rule"
		},
		{
			"file" : "/home/asc/CXP/code/newgwas/libzstd-prefix/src/libzstd-stamp/libzstd-mkdir.rule"
		},
		{
			"file" : "/home/asc/CXP/code/newgwas/libzstd-prefix/src/libzstd-stamp/libzstd-download.rule"
		},
		{
			"file" : "/home/asc/CXP/code/newgwas/libzstd-prefix/src/libzstd-stamp/libzstd-update.rule"
		},
		{
			"file" : "/home/asc/CXP/code/newgwas/libzstd-prefix/src/libzstd-stamp/libzstd-patch.rule"
		},
		{
			"file" : "/home/asc/CXP/code/newgwas/libzstd-prefix/src/libzstd-stamp/libzstd-configure.rule"
		},
		{
			"file" : "/home/asc/CXP/code/newgwas/libzstd-prefix/src/libzstd-stamp/libzstd-build.rule"
		}
	],
	"target" : 
	{
		"labels" : 
		[
			"libzstd"
		],
		"name" : "libzstd"
	}
}